<?xml version="1.0" encoding="UTF-8"?>
<beans xmlns="http://www.springframework.org/schema/beans"
    xmlns:context="http://www.springframework.org/schema/context"
    xmlns:tx="http://www.springframework.org/schema/tx"
    xmlns:security="http://www.springframework.org/schema/security"
    xmlns:xsi="http://www.w3.org/2001/XMLSchema-instance"
    xsi:schemaLocation="http://www.springframework.org/schema/beans
        http://www.springframework.org/schema/beans/spring-beans.xsd
        http://www.springframework.org/schema/context
        http://www.springframework.org/schema/context/spring-context.xsd
        http://www.springframework.org/schema/tx
        http://www.springframework.org/schema/tx/spring-tx.xsd
        http://www.springframework.org/schema/security
        http://www.springframework.org/schema/security/spring-security.xsd">

    <bean id="dataSource" class="org.apache.tomcat.jdbc.pool.DataSource" destroy-method="close">
        <property name="driverClassName" value="org.postgresql.Driver" />
        <property name="url" value="jdbc:postgresql://localhost:5432/Bvvo" />
        <property name="username" value="cs520stu03" />
        <property name="password" value="*gW#T.FW" />
        <property name="initialSize" value="1" />
    </bean>

    <bean id="entityManagerFactory" class="org.springframework.orm.jpa.LocalContainerEntityManagerFactoryBean">
        <property name="persistenceUnitName" value="Bvvo" />
        <property name="dataSource" ref="dataSource" />
    </bean>

    <bean id="transactionManager" class="org.springframework.orm.jpa.JpaTransactionManager">
        <property name="entityManagerFactory" ref="entityManagerFactory" />
    </bean>
    
  <!-- <bean id="mailSender" class="org.springframework.mail.javamail.JavaMailSenderImpl">
        <property name="host" value="smtp.gmail.com" />
        <property name="port" value="465"/>
	<property name="protocol" value="smtps" />
        <property name="username" value="kiran.uday3@gmail.com" />
        <property name="password" value="udaykir@N321" />
	<property name="javaMailProperties">
		<props>
			<prop key="mail.smtps.auth">true</prop>
			<prop key="mail.smtps.starttls.enable">true</prop>
			<prop key="mail.smtps.debug">true</prop>
		</props>
	</property>
    </bean>  -->
    
    <bean id="mailSender" class="org.springframework.mail.javamail.JavaMailSenderImpl">
        <property name="host" value="localhost" />
        <property name="username" value="ubodi@localhost.localdomain" />
        <property name="password" value="qwerty" />
    </bean>

    <bean class="org.springframework.dao.annotation.PersistenceExceptionTranslationPostProcessor" />

    <context:annotation-config />

    <tx:annotation-driven />

    <context:component-scan base-package="Bvvo.model" />
    
     <security:authentication-manager>
        <security:authentication-provider>
            <security:jdbc-user-service data-source-ref="dataSource" 
            authorities-by-username-query= "select username, user_type as authority from users where username = ? " />
        </security:authentication-provider>
    </security:authentication-manager>

    <security:http auto-config="true" use-expressions="true">
        <security:intercept-url pattern="/users/WriteReview.html" access="hasRole('ROLE_USER')" />
    </security:http>

    <security:global-method-security pre-post-annotations="enabled" />
    
</beans>